ID,Type,Depth,Sector,Branch,TIMESTAMP,Date,Input.volume,d18O.UoS,d2H.UoS,d18O.EPFL,d2H.EPFL
57,Soil Water,50,A,,2018-03-01 10:00,2018-03-01,,NA,NA,-9.52,-68.13
58,Soil Water,50,B,,2018-03-01 10:00,2018-03-01,,NA,NA,-10.64,-78.75
59,Soil Water,50,C,,2018-03-01 10:00,2018-03-01,,NA,NA,-10.4,-78.94
60,Soil Water,100,A,,2018-03-01 10:00,2018-03-01,,NA,NA,-11.74,-86.12
61,Soil Water,100,C,,2018-03-01 10:00,2018-03-01,,NA,NA,-8.81,-66.63
62,Soil Water,150,A,,2018-03-01 10:00,2018-03-01,,NA,NA,-8.4,-63.62
63,Soil Water,150,B,,2018-03-01 10:00,2018-03-01,,NA,NA,-9.51,-68.84
64,Soil Water,150,C,,2018-03-01 10:00,2018-03-01,,NA,NA,-11.36,-83.69
49,Tap Water,,,,2018-04-25 22:15,2018-04-25,26.1,NA,NA,-12.3,-89.65
50,Tap Water,,,,2018-05-02 20:15,2018-05-02,7.1,NA,NA,-12.33,-90.36
959,Tap Water,,,,2018-05-03 21:00,2018-05-03,8.4,NA,NA,NA,NA
960,Tap Water,,,,2018-05-05 23:00,2018-05-05,38.3,NA,NA,NA,NA
1,Soil profile 0,10,,,2018-05-08 9:15,2018-05-08,,-11.98,-91.18,NA,NA
2,Soil profile 0,10,,,2018-05-08 9:15,2018-05-08,,-10.73,-85.99,NA,NA
3,Soil profile 0,25,,,2018-05-08 9:15,2018-05-08,,-12.13,-90.86,NA,NA
4,Soil profile 0,25,,,2018-05-08 9:15,2018-05-08,,-12.12,-91.37,NA,NA
5,Soil profile 0,50,,,2018-05-08 9:15,2018-05-08,,-11.41,-87,NA,NA
6,Soil profile 0,50,,,2018-05-08 9:15,2018-05-08,,-11.44,-87.18,NA,NA
7,Soil profile 0,75,,,2018-05-08 9:15,2018-05-08,,-10.59,-80.18,NA,NA
8,Soil profile 0,75,,,2018-05-08 9:15,2018-05-08,,-10.53,-80.53,NA,NA
9,Soil profile 0,80,,,2018-05-08 9:15,2018-05-08,,-9.54,-72.56,NA,NA
10,Soil profile 0,80,,,2018-05-08 9:15,2018-05-08,,-9.45,-71.62,NA,NA
11,Soil profile 0,125,,,2018-05-08 9:15,2018-05-08,,-11.23,-84.79,NA,NA
12,Soil profile 0,125,,,2018-05-08 9:15,2018-05-08,,-10.54,-82,NA,NA
13,Soil profile 0,150,,,2018-05-08 9:15,2018-05-08,,-11.5,-87.09,NA,NA
14,Soil profile 0,150,,,2018-05-08 9:15,2018-05-08,,-10.99,-85.73,NA,NA
15,Soil profile 0,175,,,2018-05-08 9:15,2018-05-08,,-11.31,-83.69,NA,NA
16,Soil profile 0,175,,,2018-05-08 9:15,2018-05-08,,-11.13,-82.5,NA,NA
17,Xylem,,,SE,2018-05-08 12:30,2018-05-08,,-9.18,-78.28,NA,NA
18,Xylem,,,SE,2018-05-08 12:30,2018-05-08,,-9.18,-78.28,NA,NA
19,Xylem,,,SE,2018-05-08 12:30,2018-05-08,,-9.18,-78.28,NA,NA
20,Soil Water,10,A,,2018-05-08 17:00,2018-05-08,,NA,NA,NA,NA
21,Soil Water,25,A,,2018-05-08 17:00,2018-05-08,,-9.55,-72.11,-9.62,-75.04
22,Soil Water,50,A,,2018-05-08 17:00,2018-05-08,,-10.47,-77.04,-10.37,-79.27
23,Soil Water,100,A,,2018-05-08 17:00,2018-05-08,,-10.52,-77.45,-10.65,-79.92
24,Soil Water,150,A,,2018-05-08 17:00,2018-05-08,,NA,NA,NA,NA
25,Soil Water,10,B,,2018-05-08 17:00,2018-05-08,,-9.64,-72.4,-9.84,-75.1
26,Soil Water,25,B,,2018-05-08 17:00,2018-05-08,,-11.38,-83.78,-11.29,-85.44
27,Soil Water,50,B,,2018-05-08 17:00,2018-05-08,,-10.14,-74.43,-10.26,-77.62
28,Soil Water,150,B,,2018-05-08 17:00,2018-05-08,,-10.03,-69.33,-9.92,-71.37
29,Soil Water,10,C,,2018-05-08 17:00,2018-05-08,,-10.36,-78.5,-10.44,-80.16
30,Soil Water,25,C,,2018-05-08 17:00,2018-05-08,,-11.68,-84.89,-11.69,-87.25
31,Soil Water,50,C,,2018-05-08 17:00,2018-05-08,,-10.87,-78.78,-10.92,-81.89
32,Soil Water,100,C,,2018-05-08 17:00,2018-05-08,,-9.66,-70.27,-9.55,-71.79
33,Soil Water,150,C,,2018-05-08 17:00,2018-05-08,,NA,NA,NA,NA
51,Tap Water,,,,2018-05-09 0:45,2018-05-09,37.3,NA,NA,-12.35,-90.71
34,Precipitation,,,,2018-05-09 13:00,2018-05-09,14.5,-4.69,-24.9,-4.6,-27.73
35,Precipitation,,,,2018-05-10 9:00,2018-05-10,2.7,-2.36,-16.03,-2.53,-18.27
48,Precipitation,,,,2018-05-10 10:45,2018-05-10,3.1,-6.12,-37.67,-6.06,-38.59
52,Tap Water,,,,2018-05-12 0:30,2018-05-12,26.4,-12,-87.4,-12.1,-90.4
961,Tap Water,,,,2018-05-12 20:15,2018-05-12,36,NA,NA,NA,NA
81,Leakage Flow,,,,2018-05-13 12:00,2018-05-13,,-8.86,-65.11,-8.47,-65.4
65,Precipitation,,,,2018-05-13 21:45,2018-05-14,27.6,-5.47,-29.18,-5.17,-29.28
66,Soil Water,10,A,,2018-05-14 11:00,2018-05-14,,-7.02,-51.04,-7.06,-50.39
67,Soil Water,10,B,,2018-05-14 11:00,2018-05-14,,-6.29,-42.52,-6.09,-42.35
68,Soil Water,10,C,,2018-05-14 11:00,2018-05-14,,-8.03,-52.56,-7.69,-51.97
69,Soil Water,25,A,,2018-05-14 11:00,2018-05-14,,-6.72,-46.65,-6.42,-46.33
70,Soil Water,25,B,,2018-05-14 11:00,2018-05-14,,-5.52,-41.09,-5.66,-40.84
71,Soil Water,25,C,,2018-05-14 11:00,2018-05-14,,-10.42,-74.65,-10.28,-74.15
72,Soil Water,50,A,,2018-05-14 11:00,2018-05-14,,-11.26,-84.33,-11.38,-84.86
73,Soil Water,50,B,,2018-05-14 11:00,2018-05-14,,-10.63,-78.43,-10.61,-79.44
74,Soil Water,50,C,,2018-05-14 11:00,2018-05-14,,-11.07,-80.32,-11.1,-81.33
75,Soil Water,100,A,,2018-05-14 11:00,2018-05-14,,-10.6,-78.86,-10.57,-79.01
76,Soil Water,100,C,,2018-05-14 11:00,2018-05-14,,-12.12,-85.65,-11.71,-86.81
77,Soil Water,150,A,,2018-05-14 11:00,2018-05-14,,-11.53,-81.21,-11.24,-81.66
78,Soil Water,150,B,,2018-05-14 11:00,2018-05-14,,-11.04,-79.19,-10.78,-79.87
79,Soil Water,150,C,,2018-05-14 11:00,2018-05-14,,-11.47,-82.69,-11.18,-83.06
82,Leakage Flow,,,,2018-05-14 13:25,2018-05-14,,-11.16,-77.48,-10.76,-78.11
83,Precipitation,,,,2018-05-15 7:30,2018-05-15,13.7,-9.87,-65.57,-9.71,-65.42
85,Leakage Flow,,,,2018-05-15 1:40,2018-05-15,,-11.26,-79.5,-10.84,-79.64
86,Leakage Flow,,,,2018-05-15 13:40,2018-05-15,,-11.34,-80.53,-10.93,-80.48
87,Precipitation,,,,2018-05-15 14:30,2018-05-15,4.1,-10.22,-66.12,-9.79,-66.09
90,Leakage Flow,,,,2018-05-15 18:40,2018-05-15,,-10.87,-79.16,-10.89,-80.13
88,Precipitation,,,,2018-05-15 18:00,2018-05-16,0.3,-7.61,-52.48,-7.61,-52.23
91,Leakage Flow,,,,2018-05-16 6:40,2018-05-16,,-10.78,-79.69,-10.97,-80.54
92,Soil Water,10,A,,2018-05-16 5:00,2018-05-16,,-4.82,-31.14,-4.72,-30.43
93,Soil Water,10,B,,2018-05-16 5:00,2018-05-16,,-8.24,-58.2,-8.16,-57.59
94,Soil Water,10,C,,2018-05-16 5:00,2018-05-16,,-7.8,-51.74,-7.78,-53.77
95,Soil Water,25,A,,2018-05-16 5:00,2018-05-16,,-5.07,-31.91,-4.99,-32.35
96,Soil Water,25,B,,2018-05-16 5:00,2018-05-16,,-4.66,-29.44,-4.58,-29.45
97,Soil Water,25,C,,2018-05-16 5:00,2018-05-16,,-8.86,-61.86,-8.81,-61.34
98,Soil Water,50,A,,2018-05-16 5:00,2018-05-16,,-11.56,-83.36,-11.28,-83.87
99,Soil Water,50,B,,2018-05-16 5:00,2018-05-16,,-10.81,-79.69,-10.8,-80.7
100,Soil Water,50,C,,2018-05-16 5:00,2018-05-16,,-10.45,-73.11,-10.27,-74.13
101,Soil Water,100,A,,2018-05-16 5:00,2018-05-16,,-10.58,-77.74,-10.5,-78.56
102,Soil Water,100,C,,2018-05-16 5:00,2018-05-16,,-11.44,-85.56,-11.57,-85.9
103,Soil Water,150,A,,2018-05-16 5:00,2018-05-16,,-10.92,-81.2,-11.04,-81.15
104,Soil Water,150,B,,2018-05-16 5:00,2018-05-16,,-10.79,-79.56,-10.82,-80.33
105,Soil Water,150,C,,2018-05-16 5:00,2018-05-16,,-11.48,-84.39,-11.28,-83.97
106,Soil,10,,,2018-05-16 16:00,2018-05-16,,-8.749,-63.95,NA,NA
107,Soil,25,,,2018-05-16 16:00,2018-05-16,,-6.739,-47.99,NA,NA
108,Soil,50,A,,2018-05-16 16:00,2018-05-16,,-9.905,-77.94,NA,NA
109,Soil,100,A,,2018-05-16 16:00,2018-05-16,,-10.138,-76.97,NA,NA
110,Soil,150,A,,2018-05-16 16:00,2018-05-16,,-10.801,-77.6,NA,NA
111,Soil,10,,,2018-05-16 16:00,2018-05-16,,-8.311,-56.81,NA,NA
112,Soil,25,,,2018-05-16 16:00,2018-05-16,,-7.792,-57.99,NA,NA
113,Soil,50,B,,2018-05-16 16:00,2018-05-16,,-10.732,-81.18,NA,NA
114,Soil,100,B,,2018-05-16 16:00,2018-05-16,,-10.205,-75.67,NA,NA
115,Soil,150,B,,2018-05-16 16:00,2018-05-16,,-10.791,-76.99,NA,NA
116,Xylem,,,SE,2018-05-16 14:00,2018-05-16,,-9.55,-73.89,NA,NA
120,Tracer,,,,2018-05-16 22:40,2018-05-16,24.7,29.63,256.55,NA,NA
123,Precipitation,,,,2018-05-16 14:00,2018-05-16,5.2,-8.72,-61.43,-9.03,-63.18
124,Leakage Flow,,,,2018-05-17 18:40,2018-05-17,,-10.75,-78.03,-10.8,-79.32
125,Leakage Flow,,,,2018-05-17 6:37,2018-05-17,,-10.69,-78.52,-10.97,-80.1
126,Leakage Flow,,,,2018-05-17 9:32,2018-05-17,,-10.73,-78.55,-10.99,-80.4
127,Soil,10,,,2018-05-17 13:00,2018-05-17,,15.475,140.34,NA,NA
128,Soil,25,,,2018-05-17 13:00,2018-05-17,,-5.5,-34.43,NA,NA
129,Soil,50,A,,2018-05-17 13:00,2018-05-17,,-10.243,-78.65,NA,NA
130,Soil,100,A,,2018-05-17 13:00,2018-05-17,,-9.896,-75.86,NA,NA
131,Soil,150,A,,2018-05-17 13:00,2018-05-17,,-11.276,-81.05,NA,NA
132,Soil,10,,,2018-05-17 13:00,2018-05-17,,6.352,60.4,NA,NA
133,Soil,25,,,2018-05-17 13:00,2018-05-17,,-5.436,-34.65,NA,NA
134,Soil,50,B,,2018-05-17 13:00,2018-05-17,,-10.427,-77.41,NA,NA
135,Soil,100,B,,2018-05-17 13:00,2018-05-17,,-10.003,-75.28,NA,NA
136,Soil,150,B,,2018-05-17 13:00,2018-05-17,,-10.989,-82.25,NA,NA
137,Xylem,,,SW,2018-05-17 14:00,2018-05-17,,-7.61,-61.7,NA,NA
139,Soil Water,10,A,,2018-05-17 12:00,2018-05-17,,-4.54,-28.13,-4.78,-30.73
140,Soil Water,10,B,,2018-05-17 12:00,2018-05-17,,2.28,27.84,2.19,26.58
141,Soil Water,10,C,,2018-05-17 12:00,2018-05-17,,7.99,74.02,8.03,74.21
142,Soil Water,25,A,,2018-05-17 12:00,2018-05-17,,-5.68,-36.62,-5.75,-37.53
143,Soil Water,25,B,,2018-05-17 12:00,2018-05-17,,-4.8,-29.18,-4.93,-31.05
144,Soil Water,25,C,,2018-05-17 12:00,2018-05-17,,8.11,76.58,8.15,75.52
145,Soil Water,50,A,,2018-05-17 12:00,2018-05-17,,-10.88,-80.51,-11.13,-81.37
146,Soil Water,50,B,,2018-05-17 12:00,2018-05-17,,-10.75,-79.91,-11.08,-82.34
147,Soil Water,50,C,,2018-05-17 12:00,2018-05-17,,-6.57,-43.61,-6.8,-45.73
148,Soil Water,100,A,,2018-05-17 12:00,2018-05-17,,-10.31,-77.14,-10.64,-79.14
149,Soil Water,100,C,,2018-05-17 12:00,2018-05-17,,-11.23,-81.16,-11.34,-83.26
150,Soil Water,150,A,,2018-05-17 12:00,2018-05-17,,-10.9,-79.88,-11.08,-81.76
151,Soil Water,150,B,,2018-05-17 12:00,2018-05-17,,-10.48,-77.06,-10.76,-79.39
152,Soil Water,150,C,,2018-05-17 12:00,2018-05-17,,-10.95,-80.68,-11.21,-82.87
156,Leakage Flow,,,,2018-05-17 21:35,2018-05-17,,-10.68,-78.8,-10.93,-80.09
154,Xylem,,,SW,2018-05-18 14:00,2018-05-18,,-7.28,-61.02,NA,NA
157,Leakage Flow,,,,2018-05-18 13:05,2018-05-18,,-10.67,-79.77,-10.97,-81.31
163,Soil Water,10,A,,2018-05-19 8:00,2018-05-19,,1.2,19.78,1.09,18.65
164,Soil Water,10,B,,2018-05-19 8:00,2018-05-19,,4.07,40.2,3.72,38.93
165,Soil Water,10,C,,2018-05-19 8:00,2018-05-19,,12.47,111.36,12.5,111.45
166,Soil Water,25,A,,2018-05-19 8:00,2018-05-19,,-5.69,-37.79,-5.89,-38.39
167,Soil Water,25,B,,2018-05-19 8:00,2018-05-19,,-5.32,-34.79,-5.7,-37.04
168,Soil Water,25,C,,2018-05-19 8:00,2018-05-19,,19.86,173.35,19.99,174.45
169,Soil Water,50,A,,2018-05-19 8:00,2018-05-19,,-10.22,-77.12,-10.58,-76.51
170,Soil Water,50,B,,2018-05-19 8:00,2018-05-19,,-10.11,-76.18,-10.52,-77.96
171,Soil Water,50,C,,2018-05-19 8:00,2018-05-19,,-5.19,-33.39,-5.47,-34.96
172,Soil Water,100,A,,2018-05-19 8:00,2018-05-19,,-10.08,-76.89,-10.52,-77.79
173,Soil Water,100,C,,2018-05-19 8:00,2018-05-19,,-10.79,-81.44,-11.3,-83.18
174,Soil Water,150,A,,2018-05-19 8:00,2018-05-19,,NA,NA,NA,NA
175,Soil Water,150,B,,2018-05-19 8:00,2018-05-19,,-10.31,-78.56,-10.9,-81.16
176,Soil Water,150,C,,2018-05-19 8:00,2018-05-19,,-10.35,-79.08,-10.93,-80.77
178,Xylem,,,N,2018-05-19 13:55,2018-05-19,,-7.59,-61.49,NA,NA
181,Leakage Flow,,,,2018-05-19 13:40,2018-05-19,,-10.46,-77.39,-10.92,-80.09
182,Xylem,,,SW,2018-05-20 15:05,2018-05-20,,-6.22,-51.34,NA,NA
185,Xylem,,,SW,2018-05-20 21:00,2018-05-20,,-7.3,-59.76,NA,NA
184,Leakage Flow,,,,2018-05-21 2:35,2018-05-21,,-9.95,-75.11,-10.39,-76.94
186,Xylem,,,SW,2018-05-21 4:30,2018-05-21,,-7.69,-65.2,NA,NA
187,Xylem,,,SW,2018-05-21 9:30,2018-05-21,,-5.76,-51.48,NA,NA
188,Xylem,,,SW,2018-05-21 13:30,2018-05-21,,-6.64,-56.79,NA,NA
189,Soil,10,,,2018-05-21 14:30,2018-05-21,,18.79,163.38,NA,NA
190,Soil,25,,,2018-05-21 14:30,2018-05-21,,20.033,183.83,NA,NA
191,Soil,50,A,,2018-05-21 14:30,2018-05-21,,-8.736,-68.32,NA,NA
192,Soil,100,A,,2018-05-21 14:30,2018-05-21,,-10.375,-81.78,NA,NA
193,Soil,150,A,,2018-05-21 14:30,2018-05-21,,-11.136,-83.23,NA,NA
194,Soil,10,,,2018-05-21 14:30,2018-05-21,,20.14,166.76,NA,NA
195,Soil,25,,,2018-05-21 14:30,2018-05-21,,13.559,127.06,NA,NA
196,Soil,50,B,,2018-05-21 14:30,2018-05-21,,-10.563,-80.91,NA,NA
197,Soil,100,B,,2018-05-21 14:30,2018-05-21,,-9.016,-68.41,NA,NA
198,Soil,150,B,,2018-05-21 14:30,2018-05-21,,-10.745,-81.15,NA,NA
199,Soil Water,10,A,,2018-05-21 11:30,2018-05-21,,0.07,6.73,NA,NA
200,Soil Water,10,B,,2018-05-21 11:30,2018-05-21,,3.67,36.09,NA,NA
201,Soil Water,10,C,,2018-05-21 11:30,2018-05-21,,11.5,105.82,NA,NA
202,Soil Water,25,A,,2018-05-21 11:30,2018-05-21,,-5.59,-37.42,NA,NA
203,Soil Water,25,B,,2018-05-21 11:30,2018-05-21,,-5.41,-34.12,NA,NA
204,Soil Water,25,C,,2018-05-21 11:30,2018-05-21,,20.16,182.89,20.59,181.84
205,Soil Water,50,A,,2018-05-21 11:30,2018-05-21,,-10.06,-74.6,-10.24,-74.44
206,Soil Water,50,B,,2018-05-21 11:30,2018-05-21,,-9.83,-74.59,-10.33,-76.99
207,Soil Water,50,C,,2018-05-21 11:30,2018-05-21,,-5.43,-34.9,-5.64,-36.73
208,Soil Water,100,A,,2018-05-21 11:30,2018-05-21,,-9.93,-74.83,-10.35,-76.61
209,Soil Water,100,C,,2018-05-21 11:30,2018-05-21,,-10.71,-78.33,-10.98,-80.43
210,Soil Water,150,A,,2018-05-21 11:30,2018-05-21,,-10.72,-78.88,-10.96,-80.9
211,Soil Water,150,B,,2018-05-21 11:30,2018-05-21,,-10.55,-77.68,-10.75,-79.58
212,Soil Water,150,C,,2018-05-21 11:30,2018-05-21,,-10.69,-78.98,NA,NA
222,Xylem,,,SW,2018-05-22 13:30,2018-05-22,,-7.38,-59.98,NA,NA
223,Precipitation,,,,2018-05-22 20:00,2018-05-23,19.1,-5.29,-36.44,-5.59,-36.99
224,Xylem,,,SE,2018-05-23 13:20,2018-05-23,,-7.99,-69.71,NA,NA
232,Soil Water,10,A,,2018-05-23 12:00,2018-05-23,,NA,NA,NA,NA
233,Soil Water,10,B,,2018-05-23 12:00,2018-05-23,,3.11,35.82,3.23,34.88
234,Soil Water,10,C,,2018-05-23 12:00,2018-05-23,,9.08,83.88,9.19,84.74
235,Soil Water,25,A,,2018-05-23 12:00,2018-05-23,,-4.77,-30.13,-4.76,-30.31
236,Soil Water,25,B,,2018-05-23 12:00,2018-05-23,,-3.96,-25.74,-4.21,-26.61
237,Soil Water,25,C,,2018-05-23 12:00,2018-05-23,,17.92,168.86,18.56,168.61
238,Soil Water,50,A,,2018-05-23 12:00,2018-05-23,,-9.93,-71.55,-9.78,-70.93
239,Soil Water,50,B,,2018-05-23 12:00,2018-05-23,,NA,NA,NA,NA
240,Soil Water,50,C,,2018-05-23 12:00,2018-05-23,,-6.01,-37.89,-5.91,-40.2
241,Soil Water,100,A,,2018-05-23 12:00,2018-05-23,,-10.25,-72.95,-10.02,-74.57
242,Soil Water,100,C,,2018-05-23 12:00,2018-05-23,,-10.49,-76.01,-10.58,-77.22
243,Soil Water,150,A,,2018-05-23 12:00,2018-05-23,,-10.45,-77.23,-10.7,-78.62
244,Soil Water,150,B,,2018-05-23 12:00,2018-05-23,,NA,NA,NA,NA
245,Soil Water,150,C,,2018-05-23 12:00,2018-05-23,,-10.15,-78.03,-10.73,-79.78
247,Precipitation,,,,2018-05-23 14:30,2018-05-24,0.4,-4.49,-34.79,-4.7,-34.62
265,Tap Water,,,,2018-05-25 3:45,2018-05-25,32.4,-12.01,-88.06,-12.39,-90.79
249,Soil Water,10,A,,2018-05-25 8:00,2018-05-25,,-5.55,-37.28,-5.66,-39.65
250,Soil Water,10,B,,2018-05-25 8:00,2018-05-25,,-6.68,-45.01,-6.77,-46.83
251,Soil Water,10,C,,2018-05-25 8:00,2018-05-25,,-6.32,-41.67,-6.51,-43.55
252,Soil Water,25,A,,2018-05-25 8:00,2018-05-25,,-2.4,-11.62,-2.43,-13.53
253,Soil Water,25,B,,2018-05-25 8:00,2018-05-25,,-1.33,-5.37,-1.66,-6.52
254,Soil Water,25,C,,2018-05-25 8:00,2018-05-25,,6.35,65.48,6.27,63.41
255,Soil Water,50,A,,2018-05-25 8:00,2018-05-25,,-9.93,-73.01,-10.12,-74.34
256,Soil Water,50,B,,2018-05-25 8:00,2018-05-25,,-7.62,-58.85,-7.86,-60.73
257,Soil Water,50,C,,2018-05-25 8:00,2018-05-25,,0.98,14.43,0.92,12.2
258,Soil Water,100,A,,2018-05-25 8:00,2018-05-25,,-10.07,-75.24,-10.39,-77.4
259,Soil Water,100,C,,2018-05-25 8:00,2018-05-25,,-9.97,-72.31,-10.34,-74.17
260,Soil Water,150,A,,2018-05-25 8:00,2018-05-25,,-10.39,-76.09,-10.56,-78.09
261,Soil Water,150,B,,2018-05-25 8:00,2018-05-25,,-10.32,-77.42,-10.59,-79.25
262,Soil Water,150,C,,2018-05-25 8:00,2018-05-25,,-10.65,-77.87,-10.7,-79.79
264,Xylem,,,SW,2018-05-25 13:20,2018-05-25,,-7.45,-63.06,NA,NA
266,Soil,10,,,2018-05-25 11:00,2018-05-25,,-6.706,-51.55,NA,NA
267,Soil,25,,,2018-05-25 11:00,2018-05-25,,-4.947,-31.73,NA,NA
268,Soil,50,A,,2018-05-25 11:00,2018-05-25,,-8.032,-56.71,NA,NA
269,Soil,100,A,,2018-05-25 11:00,2018-05-25,,-10.597,-79.13,NA,NA
270,Soil,150,A,,2018-05-25 11:00,2018-05-25,,-11.4,-83.42,NA,NA
271,Soil,10,,,2018-05-25 11:00,2018-05-25,,-4.846,-34.45,NA,NA
272,Soil,25,,,2018-05-25 11:00,2018-05-25,,-3.065,-15.12,NA,NA
273,Soil,50,B,,2018-05-25 11:00,2018-05-25,,-8.985,-68.59,NA,NA
274,Soil,100,B,,2018-05-25 11:00,2018-05-25,,-9.714,-73.89,NA,NA
275,Soil,150,B,,2018-05-25 11:00,2018-05-25,,-11.02,-83.42,NA,NA
289,Tap Water,,,,2018-05-26 2:45,2018-05-26,45.4,-11.77,-87.34,-12.37,-90.72
290,Leakage Flow,,,,2018-05-26 14:20,2018-05-26,,-9.49,-71.42,-9.71,-73.71
291,Soil Water,10,A,,2018-05-27 9:30,2018-05-27,,-9.93,-73.95,-10.22,-75.46
292,Soil Water,10,B,,2018-05-27 9:30,2018-05-27,,-10.66,-77.86,-10.95,-79.91
293,Soil Water,10,C,,2018-05-27 9:30,2018-05-27,,-10.52,-75.85,-10.62,-78.32
294,Soil Water,25,A,,2018-05-27 9:30,2018-05-27,,-5.6,-39.34,-5.93,-41.86
295,Soil Water,25,B,,2018-05-27 9:30,2018-05-27,,-9.65,-71.3,-10.09,-73.63
296,Soil Water,25,C,,2018-05-27 9:30,2018-05-27,,-7.19,-47.82,-7.45,-49.98
297,Soil Water,50,A,,2018-05-27 9:30,2018-05-27,,-9.44,-72.17,-9.92,-74.53
298,Soil Water,50,B,,2018-05-27 9:30,2018-05-27,,-8.71,-67.19,-8.85,-69.96
299,Soil Water,50,C,,2018-05-27 9:30,2018-05-27,,-7.15,-48.24,-7.34,-51.19
300,Soil Water,100,A,,2018-05-27 9:30,2018-05-27,,-10.5,-77.3,-10.64,-79.54
301,Soil Water,100,C,,2018-05-27 9:30,2018-05-27,,0.47,14.2,0.68,14.05
302,Soil Water,150,A,,2018-05-27 9:30,2018-05-27,,-10.85,-78.17,-10.79,-79.59
303,Soil Water,150,B,,2018-05-27 9:30,2018-05-27,,-10.39,-77.78,-10.57,-78.85
304,Soil Water,150,C,,2018-05-27 9:30,2018-05-27,,-9.42,-69.11,-9.41,-70.62
305,Precipitation,,,,2018-05-26 9:30,2018-05-27,0.4,-0.31,-10.71,-0.09,-10.44
308,Xylem,,,SW,2018-05-27 12:45,2018-05-27,,-8.02,-67.22,NA,NA
316,Leakage Flow,,,,2018-05-27 14:20,2018-05-27,,-10.59,-77.3,NA,NA
309,Precipitation,,,,2018-05-28 8:00,2018-05-28,1.9,-2.78,-19.89,-2.79,-19.85
318,Leakage Flow,,,,2018-05-28 15:00,2018-05-28,,-10.69,-77.78,-10.77,-79.34
319,Precipitation,,,,2018-05-29 8:30,2018-05-29,8.8,-6.89,-43.13,-7.06,-43.75
320,Soil,10,,,2018-05-29 9:30,2018-05-29,,-10.519,-82.42,NA,NA
321,Soil,25,,,2018-05-29 9:30,2018-05-29,,-11.802,-90.03,NA,NA
322,Soil,50,A,,2018-05-29 9:30,2018-05-29,,-6.412,-43.84,NA,NA
323,Soil,100,A,,2018-05-29 9:30,2018-05-29,,-9.942,-76.11,NA,NA
324,Soil,150,A,,2018-05-29 9:30,2018-05-29,,-11.209,-83.87,NA,NA
325,Soil,10,,,2018-05-29 9:30,2018-05-29,,-11.19,-86.53,NA,NA
326,Soil,25,,,2018-05-29 9:30,2018-05-29,,-11.461,-86.19,NA,NA
327,Soil,50,B,,2018-05-29 9:30,2018-05-29,,-5.087,-34.24,NA,NA
328,Soil,100,B,,2018-05-29 9:30,2018-05-29,,-10.683,-81.72,NA,NA
329,Soil,150,B,,2018-05-29 9:30,2018-05-29,,-11.284,-86.07,NA,NA
330,Xylem,,,SE,2018-05-29 9:30,2018-05-29,,-8.05,-65.73,NA,NA
331,Soil Water,10,A,,2018-05-29 5:00,2018-05-29,,-10.7,-78.54,-10.91,-81.61
332,Soil Water,10,B,,2018-05-29 5:00,2018-05-29,,-10.6,-79.84,-11.07,-81.87
333,Soil Water,10,C,,2018-05-29 5:00,2018-05-29,,-11.03,-80,-11.17,-83.21
334,Soil Water,25,A,,2018-05-29 5:00,2018-05-29,,-6.42,-43.76,-6.52,-46.89
335,Soil Water,25,B,,2018-05-29 5:00,2018-05-29,,-10.97,-79.92,-11.15,-82.23
336,Soil Water,25,C,,2018-05-29 5:00,2018-05-29,,-9.27,-64.86,-9.59,-67.4
337,Soil Water,50,A,,2018-05-29 5:00,2018-05-29,,-9.51,-71.47,-9.7,-73.56
338,Soil Water,50,B,,2018-05-29 5:00,2018-05-29,,-8.55,-64.22,-8.51,-66.9
339,Soil Water,50,C,,2018-05-29 5:00,2018-05-29,,-7.18,-48.2,-7.1,-50.26
340,Soil Water,100,A,,2018-05-29 5:00,2018-05-29,,-7.77,-54.74,-7.76,-56.45
341,Soil Water,100,C,,2018-05-29 5:00,2018-05-29,,1.55,24.75,1.71,25.41
342,Soil Water,150,A,,2018-05-29 5:00,2018-05-29,,-10.55,-79.67,-10.89,-80.82
343,Soil Water,150,B,,2018-05-29 5:00,2018-05-29,,-10.12,-76.71,-10.65,-79.26
344,Soil Water,150,C,,2018-05-29 5:00,2018-05-29,,-9.23,-72.87,-10,-75.18
354,Precipitation,,,,2018-05-29 23:00,2018-05-31,4.2,-5.73,-44.67,-5.87,-45.23
355,Xylem,,,N,2018-05-31 13:00,2018-05-31,,-7.48,-61.45,NA,NA
359,Soil Water,10,A,,2018-06-01 5:00,2018-06-01,,-8.27,-63.55,NA,NA
360,Soil Water,10,B,,2018-06-01 5:00,2018-06-01,,-10.24,-77.46,-10.69,-79.29
361,Soil Water,10,C,,2018-06-01 5:00,2018-06-01,,-10.68,-80.75,-11.11,-82.85
362,Soil Water,25,A,,2018-06-01 5:00,2018-06-01,,-8.03,-58.15,-8.21,-60
363,Soil Water,25,B,,2018-06-01 5:00,2018-06-01,,-11.42,-84.48,-11.53,-86.23
364,Soil Water,25,C,,2018-06-01 5:00,2018-06-01,,-11.02,-79.68,-11.1,-81.67
365,Soil Water,50,A,,2018-06-01 5:00,2018-06-01,,-8.85,-67.96,-9.07,-69.56
366,Soil Water,50,B,,2018-06-01 5:00,2018-06-01,,-8.21,-62.96,-7.98,-63.61
367,Soil Water,50,C,,2018-06-01 5:00,2018-06-01,,-6.2,-43.47,-6.37,-44.56
368,Soil Water,100,A,,2018-06-01 5:00,2018-06-01,,-9.79,-72.45,-9.93,-75.19
369,Soil Water,100,C,,2018-06-01 5:00,2018-06-01,,1.41,21.55,1.2,22.27
370,Soil Water,150,A,,2018-06-01 5:00,2018-06-01,,-10.52,-77.66,-10.63,-79.22
371,Soil Water,150,B,,2018-06-01 5:00,2018-06-01,,-10.05,-75.69,-10.27,-78.05
372,Soil Water,150,C,,2018-06-01 5:00,2018-06-01,,-9.2,-68.19,-9.33,-70.36
959,Precipitation,,,,2018-05-31 19:30,2018-06-01,6.3,-6.27,-38.86,-6.44,-39.56
380,Soil,10,,,2018-06-02 9:30,2018-06-02,,-5.148,-43.18,NA,NA
381,Soil,25,,,2018-06-02 9:30,2018-06-02,,-6.286,-47.77,NA,NA
382,Soil,50,A,,2018-06-02 9:30,2018-06-02,,-5.92,-38.71,NA,NA
383,Soil,100,A,,2018-06-02 9:30,2018-06-02,,-9.932,-78.88,NA,NA
384,Soil,150,A,,2018-06-02 9:30,2018-06-02,,-10.562,-81.34,NA,NA
385,Soil,10,,,2018-06-02 9:30,2018-06-02,,-9.967,-78.15,NA,NA
386,Soil,25,,,2018-06-02 9:30,2018-06-02,,-11.51,-87.92,NA,NA
387,Soil,50,B,,2018-06-02 9:30,2018-06-02,,-8.075,-56.71,NA,NA
388,Soil,100,B,,2018-06-02 9:30,2018-06-02,,-7.977,-58.85,NA,NA
389,Soil,150,B,,2018-06-02 9:30,2018-06-02,,-11.105,-84.71,NA,NA
390,Soil Water,10,A,,2018-06-02 5:00,2018-06-02,,-9.74,-72.28,-9.81,-74.61
391,Soil Water,10,B,,2018-06-02 5:00,2018-06-02,,-10.51,-75.27,-10.45,-78.22
392,Soil Water,10,C,,2018-06-02 5:00,2018-06-02,,-10.71,-79.51,-10.88,-82.11
393,Soil Water,25,A,,2018-06-02 5:00,2018-06-02,,-8.27,-58.65,-8.31,-61.06
394,Soil Water,25,B,,2018-06-02 5:00,2018-06-02,,-11.36,-83.63,NA,NA
395,Soil Water,25,C,,2018-06-02 5:00,2018-06-02,,-10.78,-79.59,-11.04,-81.44
396,Soil Water,50,B,,2018-06-02 5:00,2018-06-02,,-7.49,-57.99,NA,NA
397,Soil Water,50,A,,2018-06-02 5:00,2018-06-02,,-8.68,-65.55,NA,NA
398,Soil Water,50,C,,2018-06-02 5:00,2018-06-02,,-6.21,-42.18,-6.19,-43.52
399,Soil Water,100,A,,2018-06-02 5:00,2018-06-02,,-9.83,-72.62,-9.82,-74.39
400,Soil Water,100,C,,2018-06-02 5:00,2018-06-02,,0.84,20.39,0.98,20.37
401,Soil Water,150,A,,2018-06-02 5:00,2018-06-02,,-10.3,-75.5,-10.36,-77.1
402,Soil Water,150,B,,2018-06-02 5:00,2018-06-02,,-9.82,-73.48,-10,-76.23
403,Soil Water,150,C,,2018-06-02 5:00,2018-06-02,,-8.96,-64.73,-8.81,-66.83
405,Xylem,,,SW,2018-06-02 13:00,2018-06-02,,-8.18,-65.4,NA,NA
419,Soil Water,10,A,,2018-06-04 11:00,2018-06-04,,-9.7,-71.94,NA,NA
420,Soil Water,10,B,,2018-06-04 11:00,2018-06-04,,-10.18,-74.95,NA,NA
421,Soil Water,10,C,,2018-06-04 11:00,2018-06-04,,-10.51,-78.49,-10.7,-80.89
422,Soil Water,25,A,,2018-06-04 11:00,2018-06-04,,-8.26,-58.6,-8.29,-60.7
423,Soil Water,25,B,,2018-06-04 11:00,2018-06-04,,-11.25,-82.78,NA,NA
424,Soil Water,25,C,,2018-06-04 11:00,2018-06-04,,-10.74,-77.26,-10.59,-79.18
425,Soil Water,50,A,,2018-06-04 11:00,2018-06-04,,-8.56,-63.43,NA,NA
426,Soil Water,50,B,,2018-06-04 11:00,2018-06-04,,-7.07,-54.91,NA,NA
427,Soil Water,50,C,,2018-06-04 11:00,2018-06-04,,-5.98,-40.73,-5.92,-41.67
428,Soil Water,100,A,,2018-06-04 11:00,2018-06-04,,-9.66,-72.01,-9.65,-73.9
429,Soil Water,100,C,,2018-06-04 11:00,2018-06-04,,0.46,20.59,0.71,20.68
430,Soil Water,150,A,,2018-06-04 11:00,2018-06-04,,-10.49,-77.12,-10.52,-78.51
431,Soil Water,150,B,,2018-06-04 11:00,2018-06-04,,-10.05,-74.17,-9.99,-76.45
432,Soil Water,150,C,,2018-06-04 11:00,2018-06-04,,-9.08,-65.86,-8.98,-67.84
434,Xylem,,,SW,2018-06-04 13:35,2018-06-04,,-8.88,-70.05,NA,NA
438,Precipitation,,,,2018-06-04 22:30,2018-06-05,25.3,-6.64,-41.81,-6.67,-42.82
440,Precipitation,,,,2018-06-05 22:30,2018-06-06,10.6,-6.41,-36.66,-6.27,-38
441,Soil,10,,,2018-06-06 12:30,2018-06-06,,-6.159,-50.08,NA,NA
442,Soil,25,,,2018-06-06 12:30,2018-06-06,,-8.591,-68.79,NA,NA
443,Soil,50,A,,2018-06-06 12:30,2018-06-06,,-8.511,-64.85,NA,NA
444,Soil,100,A,,2018-06-06 12:30,2018-06-06,,-8.527,-69.04,NA,NA
445,Soil,150,A,,2018-06-06 12:30,2018-06-06,,-9.435,-76.66,NA,NA
446,Soil,10,,,2018-06-06 12:30,2018-06-06,,-6.216,-48.4,NA,NA
447,Soil,25,,,2018-06-06 12:30,2018-06-06,,-10.574,-83.57,NA,NA
448,Soil,50,B,,2018-06-06 12:30,2018-06-06,,-9.79,-76.11,NA,NA
449,Soil,100,B,,2018-06-06 12:30,2018-06-06,,-6.79,-47.5,NA,NA
450,Soil,150,B,,2018-06-06 12:30,2018-06-06,,-10.84,-81.47,NA,NA
451,Soil Water,10,A,,2018-06-06 10:00,2018-06-06,,NA,NA,NA,NA
452,Soil Water,10,B,,2018-06-06 10:00,2018-06-06,,-8.18,-57.04,-8.17,-59.42
453,Soil Water,10,C,,2018-06-06 10:00,2018-06-06,,-6.81,-48.93,-7.03,-50.83
454,Soil Water,25,A,,2018-06-06 10:00,2018-06-06,,-7.87,-58.09,-8.02,-60.26
455,Soil Water,25,B,,2018-06-06 10:00,2018-06-06,,-9.47,-68.93,-9.39,-71.51
456,Soil Water,25,C,,2018-06-06 10:00,2018-06-06,,-7.33,-49.87,-7.37,-51.99
457,Soil Water,50,A,,2018-06-06 10:00,2018-06-06,,NA,NA,NA,NA
458,Soil Water,50,B,,2018-06-06 10:00,2018-06-06,,-7.84,-55.82,-7.83,-57.85
459,Soil Water,50,C,,2018-06-06 10:00,2018-06-06,,-6.9,-46.45,-6.94,-48.49
460,Soil Water,100,A,,2018-06-06 10:00,2018-06-06,,-9.53,-69.95,-9.4,-72.53
461,Soil Water,100,C,,2018-06-06 10:00,2018-06-06,,-0.16,20.11,0.33,18.53
462,Soil Water,150,A,,2018-06-06 10:00,2018-06-06,,-10.62,-75.19,-10.33,-76.77
463,Soil Water,150,B,,2018-06-06 10:00,2018-06-06,,-9.54,-72.58,-9.71,-74.58
464,Soil Water,150,C,,2018-06-06 10:00,2018-06-06,,-8.39,-62.51,-8.42,-64.6
467,Xylem,,,SW,2018-06-06 13:45,2018-06-06,,-7.18,-59.86,NA,NA
476,Precipitation,,,,2018-06-07 7:30,2018-06-07,6,-6.77,-40.84,-6.2,-41.57
478,Xylem,,,SE,2018-06-08 15:30,2018-06-08,,-6.15,-54.82,NA,NA
487,Soil Water,10,A,,2018-06-08 15:00,2018-06-08,,-6.7,-42.91,-6.69,-44.82
488,Soil Water,10,B,,2018-06-08 15:00,2018-06-08,,-7.69,-53.09,NA,NA
489,Soil Water,10,C,,2018-06-08 15:00,2018-06-08,,-6.46,-44.44,-6.39,-46.47
490,Soil Water,25,A,,2018-06-08 15:00,2018-06-08,,-7.34,-52.9,-7.41,-54.92
491,Soil Water,25,B,,2018-06-08 15:00,2018-06-08,,-7.79,-60.7,-7.87,-62.83
492,Soil Water,25,C,,2018-06-08 15:00,2018-06-08,,-7.05,-46.14,-6.89,-47.66
493,Soil Water,50,A,,2018-06-08 15:00,2018-06-08,,NA,NA,NA,NA
494,Soil Water,50,B,,2018-06-08 15:00,2018-06-08,,-7.48,-51.31,NA,NA
495,Soil Water,50,C,,2018-06-08 15:00,2018-06-08,,-6.79,-47.08,-6.9,-48.63
496,Soil Water,100,A,,2018-06-08 15:00,2018-06-08,,NA,NA,NA,NA
497,Soil Water,100,C,,2018-06-08 15:00,2018-06-08,,-1.27,6.25,NA,NA
498,Soil Water,150,A,,2018-06-08 15:00,2018-06-08,,NA,NA,NA,NA
499,Soil Water,150,B,,2018-06-08 15:00,2018-06-08,,-7.52,-54.39,NA,NA
500,Soil Water,150,C,,2018-06-08 15:00,2018-06-08,,-7.49,-56.09,NA,NA
959,Tap Water,,,,2018-06-08 20:15,2018-06-08,27.6,NA,NA,NA,NA
502,Precipitation,,,,2018-06-08 21:00,2018-06-09,8.3,-7,-48.88,NA,NA
503,Tap Water,,,,2018-06-09 22:15,2018-06-09,13.65,-12.42,-87.72,NA,NA
959,Tap Water,,,,2018-06-09 22:15,2018-06-09,13.6,NA,NA,NA,NA
504,Soil,10,,,2018-06-10 10:00,2018-06-10,,-7.109,-56.81,NA,NA
505,Soil,25,,,2018-06-10 10:00,2018-06-10,,-9.956,-73.54,NA,NA
506,Soil,50,A,,2018-06-10 10:00,2018-06-10,,-9.689,-73.44,NA,NA
507,Soil,100,A,,2018-06-10 10:00,2018-06-10,,-7.158,-51,NA,NA
508,Soil,150,A,,2018-06-10 10:00,2018-06-10,,-10.335,-79.79,NA,NA
509,Soil,10,,,2018-06-10 10:00,2018-06-10,,-5.505,-47.27,NA,NA
510,Soil,25,,,2018-06-10 10:00,2018-06-10,,-6.491,-49.64,NA,NA
511,Soil,50,B,,2018-06-10 10:00,2018-06-10,,-8.886,-67.93,NA,NA
512,Soil,100,B,,2018-06-10 10:00,2018-06-10,,-7.357,-55.63,NA,NA
513,Soil,150,B,,2018-06-10 10:00,2018-06-10,,-9.026,-69.47,NA,NA
514,Xylem,,,N,2018-06-10 11:30,2018-06-10,,-6.04,-59.89,NA,NA
517,Soil Water,10,A,,2018-06-10 12:00,2018-06-10,,-9.6,-67.04,-9.45,-68.82
518,Soil Water,10,B,,2018-06-10 12:00,2018-06-10,,-10.39,-75.35,-10.44,-76.73
519,Soil Water,10,C,,2018-06-10 12:00,2018-06-10,,-10.54,-74.03,-10.35,-75.44
520,Soil Water,25,A,,2018-06-10 12:00,2018-06-10,,-8.14,-56.64,-8.01,-57.99
521,Soil Water,25,B,,2018-06-10 12:00,2018-06-10,,-10.78,-76.9,-10.72,-78.66
522,Soil Water,25,C,,2018-06-10 12:00,2018-06-10,,-9.48,-65.85,-9.45,-68.32
523,Soil Water,50,A,,2018-06-10 12:00,2018-06-10,,-6.89,-44.03,-6.68,-46.14
524,Soil Water,50,B,,2018-06-10 12:00,2018-06-10,,-8.54,-55.55,-8.42,-57.69
525,Soil Water,50,C,,2018-06-10 12:00,2018-06-10,,-9.6,-65.7,-9.39,-68.13
526,Soil Water,100,A,,2018-06-10 12:00,2018-06-10,,-9.45,-67.81,-9.18,-70.61
527,Soil Water,100,C,,2018-06-10 12:00,2018-06-10,,-0.01,18.77,0.11,18.15
528,Soil Water,150,A,,2018-06-10 12:00,2018-06-10,,-9.4,-67.67,NA,NA
529,Soil Water,150,B,,2018-06-10 12:00,2018-06-10,,-8.84,-65.02,NA,NA
530,Soil Water,150,C,,2018-06-10 12:00,2018-06-10,,-8.37,-60.67,NA,NA
532,Tap Water,,,,2018-06-11 1:00,2018-06-11,43.6,-12,-88.32,NA,NA
540,Precipitation,,,,2018-06-11 13:00,2018-06-11,14.2,-6.81,-44.42,-6.76,-45.25
959,Tap Water,,,,2018-06-11 11:00,2018-06-11,22.5,NA,NA,NA,NA
541,Precipitation,,,,2018-06-12 6:00,2018-06-12,22.9,-9.28,-61.38,-9.22,-62.62
542,Leakage Flow,,,,2018-06-12 13:03,2018-06-12,,-10.47,-75.09,-10.49,-76.88
543,Leakage Flow,,,,2018-06-12 14:25,2018-06-12,,-10.81,-77.39,-10.83,-79.46
544,Soil Water,10,A,,2018-06-12 11:00,2018-06-12,,-8.65,-63.01,-9,-63.65
545,Soil Water,10,B,,2018-06-12 11:00,2018-06-12,,-10.13,-74.42,-10.44,-75.46
546,Soil Water,10,C,,2018-06-12 11:00,2018-06-12,,-9.65,-68.97,-9.97,-69.95
547,Soil Water,25,A,,2018-06-12 11:00,2018-06-12,,-9.59,-72.47,-9.8,-73.93
548,Soil Water,25,B,,2018-06-12 11:00,2018-06-12,,-10.45,-78.65,-10.76,-80.59
549,Soil Water,25,C,,2018-06-12 11:00,2018-06-12,,-10.54,-76.98,-10.8,-79.24
550,Soil Water,50,A,,2018-06-12 11:00,2018-06-12,,-8.55,-62.41,-8.71,-64.64
551,Soil Water,50,B,,2018-06-12 11:00,2018-06-12,,-8.73,-61.85,-8.93,-64.05
552,Soil Water,50,C,,2018-06-12 11:00,2018-06-12,,-9.66,-68.5,-9.84,-70.1
553,Soil Water,100,A,,2018-06-12 11:00,2018-06-12,,-6.97,-49.14,-7.25,-50.17
554,Soil Water,100,C,,2018-06-12 11:00,2018-06-12,,-10.73,-78.01,-10.92,-79.53
555,Soil Water,150,A,,2018-06-12 11:00,2018-06-12,,-10.57,-79.38,-10.76,-81.21
556,Soil Water,150,B,,2018-06-12 11:00,2018-06-12,,-7.31,-47.41,-7.45,-48.59
557,Soil Water,150,C,,2018-06-12 11:00,2018-06-12,,-6.83,-41.95,-6.87,-43.74
560,Leakage Flow,,,,2018-06-12 22:26,2018-06-12,,-10.6,-77.67,-10.87,-79.6
559,Precipitation,,,,2018-06-13 7:00,2018-06-13,15.3,-8.33,-57.2,-8.41,-59
561,Leakage Flow,,,,2018-06-13 6:28,2018-06-13,,-10.53,-76.5,-10.69,-79.05
563,Leakage Flow,,,,2018-06-13 13:30,2018-06-13,,-10.36,-75.32,-10.55,-77.53
585,Tap Water,,,,2018-06-13 19:15,2018-06-13,22.5,-12.17,-87.7,NA,NA
564,Leakage Flow,,,,2018-06-14 1:30,2018-06-14,,-10.41,-74.01,-10.42,-75.93
571,Leakage Flow,,,,2018-06-14 8:12,2018-06-14,,-10.2,-73.24,-10.25,-74.98
572,Xylem,,,N,2018-06-14 14:15,2018-06-14,,-8.05,-69.44,NA,NA
575,Soil,10,,,2018-06-14 17:00,2018-06-14,,-6.948,-53.02,NA,NA
576,Soil,25,,,2018-06-14 17:00,2018-06-14,,-6.359,-49.78,NA,NA
577,Soil,50,A,,2018-06-14 17:00,2018-06-14,,-9.102,-68.79,NA,NA
578,Soil,100,A,,2018-06-14 17:00,2018-06-14,,-8.447,-65.16,NA,NA
579,Soil,150,A,,2018-06-14 17:00,2018-06-14,,-7.644,-58.79,NA,NA
580,Soil,10,,,2018-06-14 17:00,2018-06-14,,-5.809,-48.86,NA,NA
581,Soil,25,,,2018-06-14 17:00,2018-06-14,,-6.298,-48.94,NA,NA
582,Soil,50,B,,2018-06-14 17:00,2018-06-14,,-8.815,-67.67,NA,NA
583,Soil,100,B,,2018-06-14 17:00,2018-06-14,,-10.418,-81.09,NA,NA
584,Soil,150,B,,2018-06-14 17:00,2018-06-14,,-9.495,-71.54,NA,NA
586,Soil Water,10,A,,2018-06-14 11:00,2018-06-14,,-10.36,-73.77,-10.43,-76.25
587,Soil Water,10,B,,2018-06-14 11:00,2018-06-14,,-9.56,-68.34,-9.61,-70.64
588,Soil Water,10,C,,2018-06-14 11:00,2018-06-14,,-11.48,-82.67,-11.67,-85.48
589,Soil Water,25,A,,2018-06-14 11:00,2018-06-14,,-8.22,-58.95,-8.36,-61.11
590,Soil Water,25,B,,2018-06-14 11:00,2018-06-14,,-8.78,-61.3,-8.69,-63.85
591,Soil Water,25,C,,2018-06-14 11:00,2018-06-14,,-10.69,-76.03,-10.74,-78.09
592,Soil Water,50,A,,2018-06-14 11:00,2018-06-14,,-9.87,-71.57,-9.85,-73.7
593,Soil Water,50,B,,2018-06-14 11:00,2018-06-14,,-8.44,-58.74,NA,NA
594,Soil Water,50,C,,2018-06-14 11:00,2018-06-14,,-9.35,-64.82,-9.34,-67.02
595,Soil Water,100,A,,2018-06-14 11:00,2018-06-14,,-7.53,-54.68,-7.76,-56.05
596,Soil Water,100,C,,2018-06-14 11:00,2018-06-14,,-10.71,-78.25,-10.9,-80.06
597,Soil Water,150,A,,2018-06-14 11:00,2018-06-14,,-9.71,-74.29,-10.01,-76.24
598,Soil Water,150,B,,2018-06-14 11:00,2018-06-14,,-7.32,-48.1,-7.58,-49.53
599,Soil Water,150,C,,2018-06-14 11:00,2018-06-14,,-8.91,-64.64,-9.23,-66.16
601,Leakage Flow,,,,2018-06-14 20:15,2018-06-14,,-9.58,-67.94,-9.7,-70.44
602,Leakage Flow,,,,2018-06-15 8:15,2018-06-15,,-9.12,-64.18,-9.27,-65.95
625,Leakage Flow,,,,2018-06-15 20:40,2018-06-15,,-8.51,-61.77,-8.88,-63.53
610,Soil Water,10,A,,2018-06-16 5:00,2018-06-16,,-10.64,-78.2,-10.92,-80.47
611,Soil Water,10,B,,2018-06-16 5:00,2018-06-16,,-9.2,-69.08,-9.57,-70.89
612,Soil Water,10,C,,2018-06-16 5:00,2018-06-16,,-11.33,-84.79,-11.81,-87.37
613,Soil Water,25,A,,2018-06-16 5:00,2018-06-16,,-8.03,-59.78,-8.47,-61.6
614,Soil Water,25,B,,2018-06-16 5:00,2018-06-16,,-8.25,-62.99,-8.55,-64.51
615,Soil Water,25,C,,2018-06-16 5:00,2018-06-16,,-10.93,-79.29,-11.09,-81.03
616,Soil Water,50,A,,2018-06-16 5:00,2018-06-16,,-9.56,-71.01,-9.7,-72.83
617,Soil Water,50,B,,2018-06-16 5:00,2018-06-16,,NA,NA,NA,NA
618,Soil Water,50,C,,2018-06-16 5:00,2018-06-16,,-9.32,-65.36,-9.35,-67.13
619,Soil Water,100,A,,2018-06-16 5:00,2018-06-16,,-8.17,-57.7,-8.09,-59.18
620,Soil Water,100,C,,2018-06-16 5:00,2018-06-16,,-10.56,-77.74,-10.91,-79.79
621,Soil Water,150,A,,2018-06-16 5:00,2018-06-16,,-8.99,-68.56,-9.41,-70.91
622,Soil Water,150,B,,2018-06-16 5:00,2018-06-16,,-7.34,-49.3,-7.79,-50.86
623,Soil Water,150,C,,2018-06-16 5:00,2018-06-16,,-9.12,-67.11,-9.48,-69.37
626,Leakage Flow,,,,2018-06-16 8:40,2018-06-16,,-8.32,-60.7,-8.78,-61.89
627,Leakage Flow,,,,2018-06-16 9:02,2018-06-16,,-8.38,-61.16,-8.72,-61.97
628,Leakage Flow,,,,2018-06-17 5:00,2018-06-17,,-7.13,-55.42,-7.45,-55.92
635,Soil,10,,,2018-06-18 13:30,2018-06-18,,-6.024,-52.03,NA,NA
636,Soil,25,,,2018-06-18 13:30,2018-06-18,,-8.15,-59.68,NA,NA
637,Soil,50,A,,2018-06-18 13:30,2018-06-18,,-8.586,-70.09,NA,NA
638,Soil,100,A,,2018-06-18 13:30,2018-06-18,,-9.172,-74.35,NA,NA
639,Soil,150,A,,2018-06-18 13:30,2018-06-18,,-6.256,-46.57,NA,NA
640,Soil,10,,,2018-06-18 13:30,2018-06-18,,-5.296,-53.44,NA,NA
641,Soil,25,,,2018-06-18 13:30,2018-06-18,,-7.12,-60.38,NA,NA
642,Soil,50,B,,2018-06-18 13:30,2018-06-18,,-9.075,-68.63,NA,NA
643,Soil,100,B,,2018-06-18 13:30,2018-06-18,,-10.868,-81.05,NA,NA
644,Soil,150,B,,2018-06-18 13:30,2018-06-18,,-10.153,-73.66,NA,NA
645,Xylem,,,SW,2018-06-18 13:00,2018-06-18,,-7.88,-69.97,NA,NA
648,Soil Water,10,A,,2018-06-18 12:00,2018-06-18,,-9.36,-74.23,NA,NA
649,Soil Water,10,B,,2018-06-18 12:00,2018-06-18,,NA,NA,NA,NA
650,Soil Water,10,C,,2018-06-18 12:00,2018-06-18,,-11.52,-84.55,-10.86,-84.52
651,Soil Water,25,A,,2018-06-18 12:00,2018-06-18,,-8.21,-59.45,-8.47,-61.67
652,Soil Water,25,B,,2018-06-18 12:00,2018-06-18,,-7.75,-61.98,NA,NA
653,Soil Water,25,C,,2018-06-18 12:00,2018-06-18,,-8.83,-74.85,NA,NA
654,Soil Water,50,A,,2018-06-18 12:00,2018-06-18,,-8.83,-67.13,-9.1,-69.24
655,Soil Water,50,B,,2018-06-18 12:00,2018-06-18,,NA,NA,NA,NA
656,Soil Water,50,C,,2018-06-18 12:00,2018-06-18,,-8.57,-63.08,-8.95,-64.59
657,Soil Water,100,A,,2018-06-18 12:00,2018-06-18,,-7.62,-58.04,-8.04,-58.72
658,Soil Water,100,C,,2018-06-18 12:00,2018-06-18,,-10.76,-77.01,-10.75,-79.04
659,Soil Water,150,A,,2018-06-18 12:00,2018-06-18,,-8.94,-64.75,-8.92,-66.2
660,Soil Water,150,B,,2018-06-18 12:00,2018-06-18,,-8.12,-51.95,-8.06,-53.5
661,Soil Water,150,C,,2018-06-18 12:00,2018-06-18,,-9.22,-66.33,-9.27,-67.86
670,Soil Water,10,A,,2018-06-20 12:00,2018-06-20,,NA,NA,NA,NA
671,Soil Water,10,B,,2018-06-20 12:00,2018-06-20,,NA,NA,NA,NA
672,Soil Water,10,C,,2018-06-20 12:00,2018-06-20,,NA,NA,NA,NA
673,Soil Water,25,A,,2018-06-20 12:00,2018-06-20,,-7.48,-57.3,NA,NA
674,Soil Water,25,B,,2018-06-20 12:00,2018-06-20,,NA,NA,NA,NA
675,Soil Water,25,C,,2018-06-20 12:00,2018-06-20,,NA,NA,NA,NA
676,Soil Water,50,A,,2018-06-20 12:00,2018-06-20,,NA,NA,NA,NA
677,Soil Water,50,B,,2018-06-20 12:00,2018-06-20,,NA,NA,NA,NA
678,Soil Water,50,C,,2018-06-20 12:00,2018-06-20,,NA,NA,NA,NA
679,Soil Water,100,A,,2018-06-20 12:00,2018-06-20,,-7.9,-56.64,-7.81,-57.2
680,Soil Water,100,C,,2018-06-20 12:00,2018-06-20,,-10.36,-75.6,-10.48,-76.94
681,Soil Water,150,A,,2018-06-20 12:00,2018-06-20,,-8.59,-63.31,-8.73,-64.54
682,Soil Water,150,B,,2018-06-20 12:00,2018-06-20,,-7.86,-52.62,-7.97,-53.34
683,Soil Water,150,C,,2018-06-20 12:00,2018-06-20,,-8.61,-64.09,-8.86,-65.34
686,Xylem,,,SW,2018-06-21 13:00,2018-06-21,,-7.67,-68.27,NA,NA
690,Xylem,,,SW,2018-06-21 21:20,2018-06-21,,-8.11,-68.07,NA,NA
693,Xylem,,,N,2018-06-22 4:15,2018-06-22,,-7.9,-68.15,NA,NA
696,Xylem,,,SE ,2018-06-22 9:05,2018-06-22,,-7.88,-66.51,NA,NA
699,Soil,10,,,2018-06-22 13:30,2018-06-22,,-2.836,-42.4,NA,NA
700,Soil,25,,,2018-06-22 13:30,2018-06-22,,-5.47,-49.74,NA,NA
701,Soil,50,A,,2018-06-22 13:30,2018-06-22,,-9.08,-72.01,NA,NA
702,Soil,100,A,,2018-06-22 13:30,2018-06-22,,-8.822,-72.65,NA,NA
703,Soil,150,A,,2018-06-22 13:30,2018-06-22,,-5.171,-35.89,NA,NA
704,Soil,10,,,2018-06-22 13:30,2018-06-22,,-3.186,-47.7,NA,NA
705,Soil,25,,,2018-06-22 13:30,2018-06-22,,-6.537,-58.69,NA,NA
706,Soil,50,B,,2018-06-22 13:30,2018-06-22,,-9.114,-72.6,NA,NA
707,Soil,100,B,,2018-06-22 13:30,2018-06-22,,-9.745,-77.78,NA,NA
708,Soil,150,B,,2018-06-22 13:30,2018-06-22,,-9.952,-77.97,NA,NA
709,Xylem,,,NA,2018-06-22 13:00,2018-06-22,,-7.64,-65.52,NA,NA
712,Soil Water,10,A,,2018-06-22 12:00,2018-06-22,,NA,NA,NA,NA
713,Soil Water,10,B,,2018-06-22 12:00,2018-06-22,,NA,NA,NA,NA
714,Soil Water,10,C,,2018-06-22 12:00,2018-06-22,,NA,NA,NA,NA
715,Soil Water,25,A,,2018-06-22 12:00,2018-06-22,,NA,NA,NA,NA
716,Soil Water,25,B,,2018-06-22 12:00,2018-06-22,,NA,NA,NA,NA
717,Soil Water,25,C,,2018-06-22 12:00,2018-06-22,,NA,NA,NA,NA
718,Soil Water,50,A,,2018-06-22 12:00,2018-06-22,,NA,NA,NA,NA
719,Soil Water,50,B,,2018-06-22 12:00,2018-06-22,,NA,NA,NA,NA
720,Soil Water,50,C,,2018-06-22 12:00,2018-06-22,,NA,NA,NA,NA
721,Soil Water,100,A,,2018-06-22 12:00,2018-06-22,,-6.06,-49.18,NA,NA
722,Soil Water,100,C,,2018-06-22 12:00,2018-06-22,,-9.64,-71.13,NA,NA
723,Soil Water,150,A,,2018-06-22 12:00,2018-06-22,,-7.78,-58.34,NA,NA
724,Soil Water,150,B,,2018-06-22 12:00,2018-06-22,,-7.54,-51.28,NA,NA
725,Soil Water,150,C,,2018-06-22 12:00,2018-06-22,,-8.07,-59.9,NA,NA
733,Xylem,,,SW,2018-06-22 21:20,2018-06-22,,-8.3,-66.69,NA,NA
736,Tap Water,,,,2018-06-23 3:00,2018-06-23,54.5,-12.1,-87.93,-12.2,-89.99
737,Xylem,,,SW,2018-06-23 4:05,2018-06-23,,-8.06,-70.65,NA,NA
740,Xylem,,,SW,2018-06-23 9:10,2018-06-23,,-8.19,-69.48,NA,NA
743,Xylem,,,SW,2018-06-23 13:10,2018-06-23,,-8.52,-72.55,NA,NA
746,Xylem,,,N,2018-06-23 21:17,2018-06-23,,-8.33,-72.5,NA,NA
749,Tap Water,,,,2018-06-24 1:00,2018-06-24,87,-12.02,-87.83,-12.28,-90.13
750,Xylem,,,N,2018-06-24 9:35,2018-06-24,,-7.75,-71.97,NA,NA
753,Soil Water,10,A,,2018-06-24 9:00,2018-06-24,,-11.2,-84.17,-11.48,-86.48
754,Soil Water,10,B,,2018-06-24 9:00,2018-06-24,,-11.2,-82.72,-11.49,-85.46
755,Soil Water,10,C,,2018-06-24 9:00,2018-06-24,,-11.79,-86.5,-12.15,-89.78
756,Soil Water,25,A,,2018-06-24 9:00,2018-06-24,,-11.41,-82.55,-11.72,-86.65
757,Soil Water,25,B,,2018-06-24 9:00,2018-06-24,,-11.14,-81.93,-11.33,-84.22
758,Soil Water,25,C,,2018-06-24 9:00,2018-06-24,,-9.11,-65.29,-9.35,-67.27
759,Soil Water,50,A,,2018-06-24 9:00,2018-06-24,,-10.33,-76.94,-10.72,-78.83
760,Soil Water,50,B,,2018-06-24 9:00,2018-06-24,,-10.2,-75.42,-10.6,-77.74
761,Soil Water,50,C,,2018-06-24 9:00,2018-06-24,,-11.63,-86.07,-11.93,-88.42
762,Soil Water,100,A,,2018-06-24 9:00,2018-06-24,,-8.9,-63.42,-9.16,-65.24
763,Soil Water,100,C,,2018-06-24 9:00,2018-06-24,,-11.18,-81.42,-11.36,-83.71
764,Soil Water,150,A,,2018-06-24 9:00,2018-06-24,,-8.56,-60.41,-8.62,-62.35
765,Soil Water,150,B,,2018-06-24 9:00,2018-06-24,,-9.47,-66.46,-9.63,-68.03
766,Soil Water,150,C,,2018-06-24 9:00,2018-06-24,,-10.2,-76.27,-10.5,-77.03
768,Xylem,,,N,2018-06-24 13:15,2018-06-24,,-9.03,-75.79,NA,NA
771,Xylem,,,SW,2018-06-24 21:32,2018-06-24,,-8.12,-73.66,NA,NA
774,Tap Water,,,,2018-06-24 23:45,2018-06-24,52,-11.89,-87.65,-12.3,-90.26
775,Leakage Flow,,,,2018-06-25 7:49,2018-06-25,,-8.63,-62.31,-8.91,-62.65
782,Xylem,,,SW,2018-06-25 13:05,2018-06-25,,-9.3,-77.52,NA,NA
802,Leakage Flow,,,,2018-06-25 13:50,2018-06-25,,-8.85,-62.52,-8.96,-64.12
803,Leakage Flow,,,,2018-06-25 19:52,2018-06-25,,-8.97,-60.98,-8.88,-63.91
785,Xylem,,,SW,2018-06-26 6:45,2018-06-26,,-8.81,-76.88,NA,NA
788,Xylem,,,N ,2018-06-26 13:15,2018-06-26,,-9.55,-77.9,NA,NA
792,Soil,10,,,2018-06-26 13:30,2018-06-26,,-3.069,-46.3,NA,NA
793,Soil,25,,,2018-06-26 13:30,2018-06-26,,-8.836,-72.16,NA,NA
794,Soil,50,A,,2018-06-26 13:30,2018-06-26,,-10.895,-83.5,NA,NA
795,Soil,100,A,,2018-06-26 13:30,2018-06-26,,-11.099,-85.83,NA,NA
796,Soil,150,A,,2018-06-26 13:30,2018-06-26,,-9.147,-66.58,NA,NA
797,Soil,10,,,2018-06-26 13:30,2018-06-26,,-11.474,-88.97,NA,NA
798,Soil,25,,,2018-06-26 13:30,2018-06-26,,-11.241,-87.95,NA,NA
799,Soil,50,B,,2018-06-26 13:30,2018-06-26,,-11.267,-87.52,NA,NA
800,Soil,100,B,,2018-06-26 13:30,2018-06-26,,-10.952,-84.93,NA,NA
801,Soil,150,B,,2018-06-26 13:30,2018-06-26,,-11.693,-87.26,NA,NA
804,Leakage Flow,,,,2018-06-26 1:53,2018-06-26,,-8.81,-63.11,-9.04,-64.87
805,Leakage Flow,,,,2018-06-26 7:56,2018-06-26,,-8.97,-64.97,-9.19,-65.93
806,Leakage Flow,,,,2018-06-26 13:20,2018-06-26,,-9.18,-65.42,-9.19,-66.08
807,Soil Water,10,A,,2018-06-26 13:00,2018-06-26,,-11.28,-85.56,-11.45,-86.79
808,Soil Water,10,B,,2018-06-26 13:00,2018-06-26,,-11.87,-85.69,-12.06,-88.86
809,Soil Water,10,C,,2018-06-26 13:00,2018-06-26,,-11.87,-86.54,-12.15,-89.78
810,Soil Water,25,A,,2018-06-26 13:00,2018-06-26,,-11.71,-86.19,-12.06,-89.12
811,Soil Water,25,B,,2018-06-26 13:00,2018-06-26,,-11.31,-83.82,-11.77,-87.48
812,Soil Water,25,C,,2018-06-26 13:00,2018-06-26,,-11.73,-84.43,-12.06,-88.89
813,Soil Water,50,A,,2018-06-26 13:00,2018-06-26,,-11.04,-80.78,-11.42,-84.81
814,Soil Water,50,B,,2018-06-26 13:00,2018-06-26,,-10.9,-74.48,-10.89,-80.23
815,Soil Water,50,C,,2018-06-26 13:00,2018-06-26,,-11.49,-80.75,-11.76,-87.27
816,Soil Water,100,A,,2018-06-26 13:00,2018-06-26,,-8.9,-64.21,-9.31,-67.57
817,Soil Water,100,C,,2018-06-26 13:00,2018-06-26,,-11.56,-85.55,-11.99,-88.33
818,Soil Water,150,A,,2018-06-26 13:00,2018-06-26,,-8.08,-55.26,-8.43,-57.52
819,Soil Water,150,B,,2018-06-26 13:00,2018-06-26,,-9.48,-68.39,-9.87,-70.65
820,Soil Water,150,C,,2018-06-26 13:00,2018-06-26,,-10.7,-77.48,-11.11,-81.31
828,Leakage Flow,,,,2018-06-27 1:15,2018-06-27,,-8.95,-63.13,-9.1,-66.04
830,Leakage Flow,,,,2018-06-28 4:45,2018-06-28,,-8.31,-59.4,-8.65,-63.89
832,Soil,10,,,2018-06-29 8:00,2018-06-29,,-9.083,-83.2,NA,NA
833,Soil,25,,,2018-06-29 8:00,2018-06-29,,-11.664,-89.7,NA,NA
834,Soil,50,A,,2018-06-29 8:00,2018-06-29,,-11.189,-85.25,NA,NA
835,Soil,100,A,,2018-06-29 8:00,2018-06-29,,-11.57,-87.89,NA,NA
836,Soil,150,A,,2018-06-29 8:00,2018-06-29,,-9.889,-75.97,NA,NA
837,Soil,10,,,2018-06-29 8:00,2018-06-29,,-10.12,-87.14,NA,NA
838,Soil,25,,,2018-06-29 8:00,2018-06-29,,-11.247,-87.79,NA,NA
839,Soil,50,B,,2018-06-29 8:00,2018-06-29,,-11.517,-90.43,NA,NA
840,Soil,100,B,,2018-06-29 8:00,2018-06-29,,-11.452,-88.12,NA,NA
841,Soil,150,B,,2018-06-29 8:00,2018-06-29,,-11.264,-86.37,NA,NA
842,Saturated filter,,,,2018-06-29 8:30,2018-06-29,,-9.51,-68.3,-9.72,-69.91
843,Saturated filter,,,,2018-06-29 8:30,2018-06-29,,-9.57,-67.78,-9.78,-70.23
844,Soil profile 1,10,,,2018-06-29 15:00,2018-06-29,,-9.4335,-84.225,NA,NA
845,Soil profile 1,20,,,2018-06-29 15:00,2018-06-29,,-11.639,-90.17,NA,NA
846,Soil profile 1,30,,,2018-06-29 15:00,2018-06-29,,-10.933,-87.91,NA,NA
847,Soil profile 1,40,,,2018-06-29 15:00,2018-06-29,,-11.214,-88.73,NA,NA
848,Soil profile 1,50,,,2018-06-29 15:00,2018-06-29,,-11.723,-90.75,NA,NA
849,Soil profile 1,60,,,2018-06-29 15:00,2018-06-29,,-11.354,-88.58,NA,NA
850,Soil profile 1,70,,,2018-06-29 15:00,2018-06-29,,-10.845,-85.9,NA,NA
851,Soil profile 1,80,,,2018-06-29 15:00,2018-06-29,,-11.3,-87.46,NA,NA
852,Soil profile 1,90,,,2018-06-29 15:00,2018-06-29,,-11.322,-86.88,NA,NA
853,Soil profile 1,100,,,2018-06-29 15:00,2018-06-29,,-10.942,-84.57,NA,NA
854,Soil profile 1,110,,,2018-06-29 15:00,2018-06-29,,-11.202,-85.47,NA,NA
855,Soil profile 1,120,,,2018-06-29 15:00,2018-06-29,,-10.841,-83.93,NA,NA
856,Soil profile 1,130,,,2018-06-29 15:00,2018-06-29,,-10.249,-80.01,NA,NA
857,Soil profile 1,140,,,2018-06-29 15:00,2018-06-29,,-10.331,-77.56,NA,NA
858,Soil profile 1,150,,,2018-06-29 15:00,2018-06-29,,-9.755,-73.51,NA,NA
859,Soil profile 1,160,,,2018-06-29 15:00,2018-06-29,,-8.935,-70.43,NA,NA
860,Soil profile 1,170,,,2018-06-29 15:00,2018-06-29,,-8.414,-64.69,NA,NA
861,Soil profile 1,180,,,2018-06-29 15:00,2018-06-29,,-8.212,-60.13,NA,NA
862,Soil profile 1,190,,,2018-06-29 15:00,2018-06-29,,-8.205,-60.45,NA,NA
863,Soil profile 1,200,,,2018-06-29 15:00,2018-06-29,,-8.127,-60.82,NA,NA
864,Soil profile 2,10,,,2018-06-29 16:00,2018-06-29,,-8.008,-73.97,NA,NA
865,Soil profile 2,20,,,2018-06-29 16:00,2018-06-29,,-9.752,-81.11,NA,NA
866,Soil profile 2,30,,,2018-06-29 16:00,2018-06-29,,-10.28,-84.62,NA,NA
867,Soil profile 2,40,,,2018-06-29 16:00,2018-06-29,,-10.075,-83.4,NA,NA
868,Soil profile 2,50,,,2018-06-29 16:00,2018-06-29,,-10.092,-82.01,NA,NA
869,Soil profile 2,60,,,2018-06-29 16:00,2018-06-29,,-10.084,-80.26,NA,NA
870,Soil profile 2,70,,,2018-06-29 16:00,2018-06-29,,-9.713,-76.11,NA,NA
871,Soil profile 2,80,,,2018-06-29 16:00,2018-06-29,,-9.995,-77.79,NA,NA
872,Soil profile 2,90,,,2018-06-29 16:00,2018-06-29,,-9.518,-75.21,NA,NA
873,Soil profile 2,100,,,2018-06-29 16:00,2018-06-29,,-9.164,-74.41,NA,NA
874,Soil profile 2,110,,,2018-06-29 16:00,2018-06-29,,-9.168,-73.1,NA,NA
875,Soil profile 2,120,,,2018-06-29 16:00,2018-06-29,,-9.198,-75.04,NA,NA
876,Soil profile 2,130,,,2018-06-29 16:00,2018-06-29,,-9.275,-75.22,NA,NA
877,Soil profile 2,140,,,2018-06-29 16:00,2018-06-29,,-9.518,-77.72,NA,NA
878,Soil profile 2,150,,,2018-06-29 16:00,2018-06-29,,-9.726,-76.61,NA,NA
879,Soil profile 2,160,,,2018-06-29 16:00,2018-06-29,,-9.752,-76.14,NA,NA
880,Soil profile 2,170,,,2018-06-29 16:00,2018-06-29,,-9.64,-73.83,NA,NA
881,Soil profile 2,180,,,2018-06-29 16:00,2018-06-29,,-9.82,-72.08,NA,NA
882,Soil profile 2,190,,,2018-06-29 16:00,2018-06-29,,-9.808,-71.18,NA,NA
883,Soil profile 2,200,,,2018-06-29 16:00,2018-06-29,,-9.372,-70.05,NA,NA
884,Soil profile 3,10,,,2018-06-29 16:30,2018-06-29,,-9.244,-81.52,NA,NA
885,Soil profile 3,20,,,2018-06-29 16:30,2018-06-29,,-11.014,-87.58,NA,NA
886,Soil profile 3,30,,,2018-06-29 16:30,2018-06-29,,-11.243,-89.26,NA,NA
887,Soil profile 3,40,,,2018-06-29 16:30,2018-06-29,,-11.617,-90.66,NA,NA
888,Soil profile 3,50,,,2018-06-29 16:30,2018-06-29,,-10.608,-87.17,NA,NA
889,Soil profile 3,60,,,2018-06-29 16:30,2018-06-29,,-11.342,-88.64,NA,NA
890,Soil profile 3,70,,,2018-06-29 16:30,2018-06-29,,-11.427,-89.44,NA,NA
891,Soil profile 3,80,,,2018-06-29 16:30,2018-06-29,,-11.177,-88.35,NA,NA
892,Soil profile 3,90,,,2018-06-29 16:30,2018-06-29,,-11.687,-90.26,NA,NA
893,Soil profile 3,100,,,2018-06-29 16:30,2018-06-29,,-11.296,-88.3,NA,NA
894,Soil profile 3,110,,,2018-06-29 16:30,2018-06-29,,-11.42,-88.8,NA,NA
895,Soil profile 3,120,,,2018-06-29 16:30,2018-06-29,,-11.219,-87.95,NA,NA
896,Soil profile 3,130,,,2018-06-29 16:30,2018-06-29,,-11.224,-87.92,NA,NA
897,Soil profile 3,140,,,2018-06-29 16:30,2018-06-29,,-11.278,-86.95,NA,NA
898,Soil profile 3,150,,,2018-06-29 16:30,2018-06-29,,-11.308,-87.56,NA,NA
899,Soil profile 3,160,,,2018-06-29 16:30,2018-06-29,,-11.046,-85.9,NA,NA
900,Soil profile 3,170,,,2018-06-29 16:30,2018-06-29,,-11.213,-87.16,NA,NA
901,Soil profile 3,180,,,2018-06-29 16:30,2018-06-29,,-10.947,-84.78,NA,NA
902,Soil profile 3,190,,,2018-06-29 16:30,2018-06-29,,-10.432,-82.23,NA,NA
903,Soil profile 3,200,,,2018-06-29 16:30,2018-06-29,,-10.8,-83.56,NA,NA
904,Soil Water,10,A,,2018-06-29 5:00,2018-06-29,,-10.66,-83.1,NA,NA
905,Soil Water,10,B,,2018-06-29 5:00,2018-06-29,,-10.42,-80.71,NA,NA
906,Soil Water,10,C,,2018-06-29 5:00,2018-06-29,,-11.55,-86.15,NA,NA
907,Soil Water,25,A,,2018-06-29 5:00,2018-06-29,,-11.54,-85.13,-11.85,-88.08
908,Soil Water,25,B,,2018-06-29 5:00,2018-06-29,,-10.98,-81.8,NA,NA
909,Soil Water,25,C,,2018-06-29 5:00,2018-06-29,,-11.37,-85.34,NA,NA
910,Soil Water,50,A,,2018-06-29 5:00,2018-06-29,,-10.53,-79.46,-10.94,-82.43
911,Soil Water,50,B,,2018-06-29 5:00,2018-06-29,,-10.12,-75.82,-10.53,-78.63
912,Soil Water,50,C,,2018-06-29 5:00,2018-06-29,,-10.9,-82.47,-11.31,-85.09
913,Soil Water,100,A,,2018-06-29 5:00,2018-06-29,,-8.5,-63.82,-8.78,-64.64
914,Soil Water,100,C,,2018-06-29 5:00,2018-06-29,,-11.58,-83.88,-11.84,-88.03
915,Soil Water,150,A,,2018-06-29 5:00,2018-06-29,,-7.9,-55.69,-8.2,-56.11
916,Soil Water,150,B,,2018-06-29 5:00,2018-06-29,,-9.09,-64.66,-9.6,-70.09
917,Soil Water,150,C,,2018-06-29 5:00,2018-06-29,,-10.56,-78.9,-10.9,-81.02
926,Xylem Main Stem - Top,,,N,2018-06-29 14:00,2018-06-29,,-9.54,-77.84,NA,NA
927,Xylem Main Stem - Top,,,N,2018-06-29 14:00,2018-06-29,,-8.77,-77.28,NA,NA
929,Xylem Main Stem - Base,,,N,2018-06-29 14:00,2018-06-29,,-9.26,-78.5,NA,NA
930,Xylem Main Stem - Base,,,N,2018-06-29 14:00,2018-06-29,,-9.11,-79.01,NA,NA
932,Xylem Main Stem - Top,,,SW,2018-06-29 14:00,2018-06-29,,-8.97,-75.47,NA,NA
933,Xylem Main Stem - Top,,,SW,2018-06-29 14:00,2018-06-29,,-9.03,-76.03,NA,NA
935,Xylem Main Stem - Base,,,SW,2018-06-29 14:00,2018-06-29,,-9.79,-81.52,NA,NA
936,Xylem Main Stem - Base,,,SW,2018-06-29 14:00,2018-06-29,,-9.69,-78.82,NA,NA
938,Xylem Main Stem - Top,,,SE ,2018-06-29 14:00,2018-06-29,,-9.41,-77.77,NA,NA
939,Xylem Main Stem - Top,,,SE ,2018-06-29 14:00,2018-06-29,,-9.05,-76.21,NA,NA
941,Xylem Main Stem - Base,,,SE ,2018-06-29 14:00,2018-06-29,,-8.57,-74.98,NA,NA
942,Xylem Main Stem - Base,,,SE ,2018-06-29 14:00,2018-06-29,,-8.54,-75.38,NA,NA
944,Xylem - 2nd order,,,SW,2018-06-29 14:00,2018-06-29,,-9.17,-78.84,NA,NA
946,Xylem - 2nd order,,,SW,2018-06-29 14:00,2018-06-29,,-8.43,-74.4,NA,NA
948,Xylem - 2nd order,,,SE ,2018-06-29 14:00,2018-06-29,,-9.28,-78.78,NA,NA
950,Xylem - 2nd order,,,SW,2018-06-29 14:00,2018-06-29,,-9.13,-78.02,NA,NA
952,Xylem - Prior destructive sampling,,,N,2018-06-29 8:30,2018-06-29,,-9.12,-79.06,NA,NA
955,Xylem - 4th order,,,N,2018-06-29 14:00,2018-06-29,,-9.19,-79.27,NA,NA
